-- phpMyAdmin SQL Dump
-- version 5.2.1
-- https://www.phpmyadmin.net/
--
-- Host: 127.0.0.1
-- Generation Time: Oct 11, 2024 at 01:37 PM
-- Server version: 10.4.32-MariaDB
-- PHP Version: 8.2.12

SET SQL_MODE = "NO_AUTO_VALUE_ON_ZERO";
START TRANSACTION;
SET time_zone = "+00:00";


/*!40101 SET @OLD_CHARACTER_SET_CLIENT=@@CHARACTER_SET_CLIENT */;
/*!40101 SET @OLD_CHARACTER_SET_RESULTS=@@CHARACTER_SET_RESULTS */;
/*!40101 SET @OLD_COLLATION_CONNECTION=@@COLLATION_CONNECTION */;
/*!40101 SET NAMES utf8mb4 */;

--
-- Database: `stc_va`
--

-- --------------------------------------------------------

--
-- Table structure for table `cache`
--

CREATE TABLE `cache` (
  `key` varchar(255) NOT NULL,
  `value` mediumtext NOT NULL,
  `expiration` int(11) NOT NULL
) ENGINE=InnoDB DEFAULT CHARSET=utf8mb4 COLLATE=utf8mb4_unicode_ci;

--
-- Dumping data for table `cache`
--

INSERT INTO `cache` (`key`, `value`, `expiration`) VALUES
('0715fa6687770655dd7c214ac0df2479', 'i:1;', 1728644788),
('0715fa6687770655dd7c214ac0df2479:timer', 'i:1728644788;', 1728644788),
('c18783741773a6deec38210084556fb7', 'i:1;', 1728640662),
('c18783741773a6deec38210084556fb7:timer', 'i:1728640662;', 1728640662),
('spatie.permission.cache', 'a:3:{s:5:\"alias\";a:4:{s:1:\"a\";s:2:\"id\";s:1:\"b\";s:4:\"name\";s:1:\"c\";s:10:\"guard_name\";s:1:\"r\";s:5:\"roles\";}s:11:\"permissions\";a:12:{i:0;a:4:{s:1:\"a\";i:1;s:1:\"b\";s:11:\"create role\";s:1:\"c\";s:3:\"web\";s:1:\"r\";a:1:{i:0;i:1;}}i:1;a:4:{s:1:\"a\";i:2;s:1:\"b\";s:9:\"view role\";s:1:\"c\";s:3:\"web\";s:1:\"r\";a:3:{i:0;i:1;i:1;i:2;i:2;i:4;}}i:2;a:4:{s:1:\"a\";i:3;s:1:\"b\";s:11:\"update role\";s:1:\"c\";s:3:\"web\";s:1:\"r\";a:2:{i:0;i:1;i:1;i:4;}}i:3;a:4:{s:1:\"a\";i:4;s:1:\"b\";s:11:\"delete role\";s:1:\"c\";s:3:\"web\";s:1:\"r\";a:1:{i:0;i:1;}}i:4;a:4:{s:1:\"a\";i:6;s:1:\"b\";s:17:\"create permission\";s:1:\"c\";s:3:\"web\";s:1:\"r\";a:1:{i:0;i:1;}}i:5;a:4:{s:1:\"a\";i:7;s:1:\"b\";s:17:\"delete permission\";s:1:\"c\";s:3:\"web\";s:1:\"r\";a:1:{i:0;i:1;}}i:6;a:4:{s:1:\"a\";i:8;s:1:\"b\";s:17:\"update permission\";s:1:\"c\";s:3:\"web\";s:1:\"r\";a:2:{i:0;i:1;i:1;i:4;}}i:7;a:4:{s:1:\"a\";i:9;s:1:\"b\";s:15:\"view permission\";s:1:\"c\";s:3:\"web\";s:1:\"r\";a:2:{i:0;i:1;i:1;i:4;}}i:8;a:4:{s:1:\"a\";i:10;s:1:\"b\";s:11:\"create user\";s:1:\"c\";s:3:\"web\";s:1:\"r\";a:1:{i:0;i:1;}}i:9;a:4:{s:1:\"a\";i:11;s:1:\"b\";s:9:\"view user\";s:1:\"c\";s:3:\"web\";s:1:\"r\";a:2:{i:0;i:1;i:1;i:4;}}i:10;a:4:{s:1:\"a\";i:12;s:1:\"b\";s:11:\"update user\";s:1:\"c\";s:3:\"web\";s:1:\"r\";a:2:{i:0;i:1;i:1;i:4;}}i:11;a:4:{s:1:\"a\";i:13;s:1:\"b\";s:11:\"delete user\";s:1:\"c\";s:3:\"web\";s:1:\"r\";a:1:{i:0;i:1;}}}s:5:\"roles\";a:3:{i:0;a:3:{s:1:\"a\";i:1;s:1:\"b\";s:11:\"super-admin\";s:1:\"c\";s:3:\"web\";}i:1;a:3:{s:1:\"a\";i:2;s:1:\"b\";s:5:\"admin\";s:1:\"c\";s:3:\"web\";}i:2;a:3:{s:1:\"a\";i:4;s:1:\"b\";s:6:\"editor\";s:1:\"c\";s:3:\"web\";}}}', 1728728904);

-- --------------------------------------------------------

--
-- Table structure for table `cache_locks`
--

CREATE TABLE `cache_locks` (
  `key` varchar(255) NOT NULL,
  `owner` varchar(255) NOT NULL,
  `expiration` int(11) NOT NULL
) ENGINE=InnoDB DEFAULT CHARSET=utf8mb4 COLLATE=utf8mb4_unicode_ci;

-- --------------------------------------------------------

--
-- Table structure for table `failed_jobs`
--

CREATE TABLE `failed_jobs` (
  `id` bigint(20) UNSIGNED NOT NULL,
  `uuid` varchar(255) NOT NULL,
  `connection` text NOT NULL,
  `queue` text NOT NULL,
  `payload` longtext NOT NULL,
  `exception` longtext NOT NULL,
  `failed_at` timestamp NOT NULL DEFAULT current_timestamp()
) ENGINE=InnoDB DEFAULT CHARSET=utf8mb4 COLLATE=utf8mb4_unicode_ci;

-- --------------------------------------------------------

--
-- Table structure for table `jobs`
--

CREATE TABLE `jobs` (
  `id` bigint(20) UNSIGNED NOT NULL,
  `queue` varchar(255) NOT NULL,
  `payload` longtext NOT NULL,
  `attempts` tinyint(3) UNSIGNED NOT NULL,
  `reserved_at` int(10) UNSIGNED DEFAULT NULL,
  `available_at` int(10) UNSIGNED NOT NULL,
  `created_at` int(10) UNSIGNED NOT NULL
) ENGINE=InnoDB DEFAULT CHARSET=utf8mb4 COLLATE=utf8mb4_unicode_ci;

-- --------------------------------------------------------

--
-- Table structure for table `job_batches`
--

CREATE TABLE `job_batches` (
  `id` varchar(255) NOT NULL,
  `name` varchar(255) NOT NULL,
  `total_jobs` int(11) NOT NULL,
  `pending_jobs` int(11) NOT NULL,
  `failed_jobs` int(11) NOT NULL,
  `failed_job_ids` longtext NOT NULL,
  `options` mediumtext DEFAULT NULL,
  `cancelled_at` int(11) DEFAULT NULL,
  `created_at` int(11) NOT NULL,
  `finished_at` int(11) DEFAULT NULL
) ENGINE=InnoDB DEFAULT CHARSET=utf8mb4 COLLATE=utf8mb4_unicode_ci;

-- --------------------------------------------------------

--
-- Table structure for table `migrations`
--

CREATE TABLE `migrations` (
  `id` int(10) UNSIGNED NOT NULL,
  `migration` varchar(255) NOT NULL,
  `batch` int(11) NOT NULL
) ENGINE=InnoDB DEFAULT CHARSET=utf8mb4 COLLATE=utf8mb4_unicode_ci;

--
-- Dumping data for table `migrations`
--

INSERT INTO `migrations` (`id`, `migration`, `batch`) VALUES
(1, '0001_01_01_000000_create_users_table', 1),
(2, '0001_01_01_000001_create_cache_table', 1),
(3, '0001_01_01_000002_create_jobs_table', 1),
(4, '2024_10_10_084055_add_two_factor_columns_to_users_table', 1),
(5, '2024_10_10_084123_create_personal_access_tokens_table', 1),
(6, '2024_10_10_170506_create_permission_tables', 1);

-- --------------------------------------------------------

--
-- Table structure for table `model_has_permissions`
--

CREATE TABLE `model_has_permissions` (
  `permission_id` bigint(20) UNSIGNED NOT NULL,
  `model_type` varchar(255) NOT NULL,
  `model_id` bigint(20) UNSIGNED NOT NULL
) ENGINE=InnoDB DEFAULT CHARSET=utf8mb4 COLLATE=utf8mb4_unicode_ci;

-- --------------------------------------------------------

--
-- Table structure for table `model_has_roles`
--

CREATE TABLE `model_has_roles` (
  `role_id` bigint(20) UNSIGNED NOT NULL,
  `model_type` varchar(255) NOT NULL,
  `model_id` bigint(20) UNSIGNED NOT NULL
) ENGINE=InnoDB DEFAULT CHARSET=utf8mb4 COLLATE=utf8mb4_unicode_ci;

--
-- Dumping data for table `model_has_roles`
--

INSERT INTO `model_has_roles` (`role_id`, `model_type`, `model_id`) VALUES
(1, 'App\\Models\\User', 3),
(4, 'App\\Models\\User', 1);

-- --------------------------------------------------------

--
-- Table structure for table `password_reset_tokens`
--

CREATE TABLE `password_reset_tokens` (
  `email` varchar(255) NOT NULL,
  `token` varchar(255) NOT NULL,
  `created_at` timestamp NULL DEFAULT NULL
) ENGINE=InnoDB DEFAULT CHARSET=utf8mb4 COLLATE=utf8mb4_unicode_ci;

-- --------------------------------------------------------

--
-- Table structure for table `permissions`
--

CREATE TABLE `permissions` (
  `id` bigint(20) UNSIGNED NOT NULL,
  `name` varchar(255) NOT NULL,
  `guard_name` varchar(255) NOT NULL,
  `created_at` timestamp NULL DEFAULT NULL,
  `updated_at` timestamp NULL DEFAULT NULL
) ENGINE=InnoDB DEFAULT CHARSET=utf8mb4 COLLATE=utf8mb4_unicode_ci;

--
-- Dumping data for table `permissions`
--

INSERT INTO `permissions` (`id`, `name`, `guard_name`, `created_at`, `updated_at`) VALUES
(1, 'create role', 'web', '2024-10-11 06:19:43', '2024-10-11 06:19:43'),
(2, 'view role', 'web', '2024-10-11 06:22:04', '2024-10-11 06:22:04'),
(3, 'update role', 'web', '2024-10-11 06:22:31', '2024-10-11 06:22:31'),
(4, 'delete role', 'web', '2024-10-11 06:22:45', '2024-10-11 06:22:45'),
(6, 'create permission', 'web', '2024-10-11 08:40:59', '2024-10-11 08:40:59'),
(7, 'delete permission', 'web', '2024-10-11 08:41:15', '2024-10-11 08:41:15'),
(8, 'update permission', 'web', '2024-10-11 08:41:32', '2024-10-11 08:41:32'),
(9, 'view permission', 'web', '2024-10-11 08:41:50', '2024-10-11 08:41:50'),
(10, 'create user', 'web', '2024-10-11 08:42:04', '2024-10-11 08:42:04'),
(11, 'view user', 'web', '2024-10-11 08:42:17', '2024-10-11 08:42:17'),
(12, 'update user', 'web', '2024-10-11 08:42:30', '2024-10-11 08:42:30'),
(13, 'delete user', 'web', '2024-10-11 08:42:58', '2024-10-11 08:42:58');

-- --------------------------------------------------------

--
-- Table structure for table `personal_access_tokens`
--

CREATE TABLE `personal_access_tokens` (
  `id` bigint(20) UNSIGNED NOT NULL,
  `tokenable_type` varchar(255) NOT NULL,
  `tokenable_id` bigint(20) UNSIGNED NOT NULL,
  `name` varchar(255) NOT NULL,
  `token` varchar(64) NOT NULL,
  `abilities` text DEFAULT NULL,
  `last_used_at` timestamp NULL DEFAULT NULL,
  `expires_at` timestamp NULL DEFAULT NULL,
  `created_at` timestamp NULL DEFAULT NULL,
  `updated_at` timestamp NULL DEFAULT NULL
) ENGINE=InnoDB DEFAULT CHARSET=utf8mb4 COLLATE=utf8mb4_unicode_ci;

-- --------------------------------------------------------

--
-- Table structure for table `roles`
--

CREATE TABLE `roles` (
  `id` bigint(20) UNSIGNED NOT NULL,
  `name` varchar(255) NOT NULL,
  `guard_name` varchar(255) NOT NULL,
  `created_at` timestamp NULL DEFAULT NULL,
  `updated_at` timestamp NULL DEFAULT NULL
) ENGINE=InnoDB DEFAULT CHARSET=utf8mb4 COLLATE=utf8mb4_unicode_ci;

--
-- Dumping data for table `roles`
--

INSERT INTO `roles` (`id`, `name`, `guard_name`, `created_at`, `updated_at`) VALUES
(1, 'super-admin', 'web', '2024-10-11 07:12:53', '2024-10-11 07:12:53'),
(2, 'admin', 'web', '2024-10-11 07:13:12', '2024-10-11 07:13:12'),
(4, 'editor', 'web', '2024-10-11 08:40:23', '2024-10-11 08:40:23');

-- --------------------------------------------------------

--
-- Table structure for table `role_has_permissions`
--

CREATE TABLE `role_has_permissions` (
  `permission_id` bigint(20) UNSIGNED NOT NULL,
  `role_id` bigint(20) UNSIGNED NOT NULL
) ENGINE=InnoDB DEFAULT CHARSET=utf8mb4 COLLATE=utf8mb4_unicode_ci;

--
-- Dumping data for table `role_has_permissions`
--

INSERT INTO `role_has_permissions` (`permission_id`, `role_id`) VALUES
(1, 1),
(2, 1),
(2, 2),
(2, 4),
(3, 1),
(3, 4),
(4, 1),
(6, 1),
(7, 1),
(8, 1),
(8, 4),
(9, 1),
(9, 4),
(10, 1),
(11, 1),
(11, 4),
(12, 1),
(12, 4),
(13, 1);

-- --------------------------------------------------------

--
-- Table structure for table `sessions`
--

CREATE TABLE `sessions` (
  `id` varchar(255) NOT NULL,
  `user_id` bigint(20) UNSIGNED DEFAULT NULL,
  `ip_address` varchar(45) DEFAULT NULL,
  `user_agent` text DEFAULT NULL,
  `payload` longtext NOT NULL,
  `last_activity` int(11) NOT NULL
) ENGINE=InnoDB DEFAULT CHARSET=utf8mb4 COLLATE=utf8mb4_unicode_ci;

--
-- Dumping data for table `sessions`
--

INSERT INTO `sessions` (`id`, `user_id`, `ip_address`, `user_agent`, `payload`, `last_activity`) VALUES
('65l9952hrjZh9V7dYSKGWQHydy93GXNEGdtiSj1Q', 1, '::1', 'Mozilla/5.0 (Windows NT 10.0; Win64; x64) AppleWebKit/537.36 (KHTML, like Gecko) Chrome/129.0.0.0 Safari/537.36', 'YTo1OntzOjY6Il90b2tlbiI7czo0MDoiQVhrSFlVUURIU0JkTW1xWEpud3V3Y3lnZ1BISnBPUHYycGVNV1ZNcCI7czo5OiJfcHJldmlvdXMiO2E6MTp7czozOiJ1cmwiO3M6MjU6Imh0dHA6Ly9sb2NhbGhvc3Q6ODYvcm9sZXMiO31zOjY6Il9mbGFzaCI7YToyOntzOjM6Im9sZCI7YTowOnt9czozOiJuZXciO2E6MDp7fX1zOjUwOiJsb2dpbl93ZWJfNTliYTM2YWRkYzJiMmY5NDAxNTgwZjAxNGM3ZjU4ZWE0ZTMwOTg5ZCI7aToxO3M6MjE6InBhc3N3b3JkX2hhc2hfc2FuY3R1bSI7czo2MDoiJDJ5JDEyJGRmTGprWk95YXhUV05nZXhFaG81b3VZVUdnWXFHOEdUemswMFhQdUYuU1NCd1RLdlA2SzhtIjt9', 1728640525),
('aVYNmFRm3knL1I9eCneaHZWclbOSlOLkAe1zDQ3U', NULL, '::1', 'Mozilla/5.0 (Windows NT 10.0; Win64; x64) AppleWebKit/537.36 (KHTML, like Gecko) Chrome/129.0.0.0 Safari/537.36', 'YTozOntzOjY6Il90b2tlbiI7czo0MDoiWk9nQnc1WHhnVGVNc0ZEOVVmU1R5b2V4cFdSa1dvTkFFWGxrZzk0NSI7czo2OiJfZmxhc2giO2E6Mjp7czozOiJvbGQiO2E6MDp7fXM6MzoibmV3IjthOjA6e319czo5OiJfcHJldmlvdXMiO2E6MTp7czozOiJ1cmwiO3M6MTk6Imh0dHA6Ly9sb2NhbGhvc3Q6ODYiO319', 1728645577),
('dUJGj7sZgV7brNM7JoQrV4HQQSDXVKcRcKU9R6Mn', 1, '::1', 'Mozilla/5.0 (Windows NT 10.0; Win64; x64) AppleWebKit/537.36 (KHTML, like Gecko) Chrome/129.0.0.0 Safari/537.36', 'YTo1OntzOjY6Il90b2tlbiI7czo0MDoiUkRmc1p2T3lBUnlQUFFSTllTOW1vTkNlV0lUWFl6V29SWmZ5U3lIVCI7czo5OiJfcHJldmlvdXMiO2E6MTp7czozOiJ1cmwiO3M6MjU6Imh0dHA6Ly9sb2NhbGhvc3Q6ODYvdXNlcnMiO31zOjY6Il9mbGFzaCI7YToyOntzOjM6Im9sZCI7YTowOnt9czozOiJuZXciO2E6MDp7fX1zOjUwOiJsb2dpbl93ZWJfNTliYTM2YWRkYzJiMmY5NDAxNTgwZjAxNGM3ZjU4ZWE0ZTMwOTg5ZCI7aToxO3M6MjE6InBhc3N3b3JkX2hhc2hfc2FuY3R1bSI7czo2MDoiJDJ5JDEyJGRmTGprWk95YXhUV05nZXhFaG81b3VZVUdnWXFHOEdUemswMFhQdUYuU1NCd1RLdlA2SzhtIjt9', 1728642528),
('OdKRSKxyWolvG3A1XQfp1bYOBMhzWhvL3tmSwLJX', 1, '::1', 'Mozilla/5.0 (Windows NT 10.0; Win64; x64) AppleWebKit/537.36 (KHTML, like Gecko) Chrome/129.0.0.0 Safari/537.36', 'YTo1OntzOjY6Il90b2tlbiI7czo0MDoiVTNrOURMTlRkVWZIZ0pReG5VdHFSdFA0SGRCSlg0WVBzMjJ0VXVpMiI7czo5OiJfcHJldmlvdXMiO2E6MTp7czozOiJ1cmwiO3M6Mjk6Imh0dHA6Ly9sb2NhbGhvc3Q6ODYvZGFzaGJvYXJkIjt9czo2OiJfZmxhc2giO2E6Mjp7czozOiJvbGQiO2E6MDp7fXM6MzoibmV3IjthOjA6e319czo1MDoibG9naW5fd2ViXzU5YmEzNmFkZGMyYjJmOTQwMTU4MGYwMTRjN2Y1OGVhNGUzMDk4OWQiO2k6MTtzOjIxOiJwYXNzd29yZF9oYXNoX3NhbmN0dW0iO3M6NjA6IiQyeSQxMiRkZkxqa1pPeWF4VFdOZ2V4RWhvNW91WVVHZ1lxRzhHVHprMDBYUHVGLlNTQndUS3ZQNks4bSI7fQ==', 1728638291);

-- --------------------------------------------------------

--
-- Table structure for table `users`
--

CREATE TABLE `users` (
  `id` bigint(20) UNSIGNED NOT NULL,
  `name` varchar(255) NOT NULL,
  `email` varchar(255) NOT NULL,
  `email_verified_at` timestamp NULL DEFAULT NULL,
  `password` varchar(255) NOT NULL,
  `two_factor_secret` text DEFAULT NULL,
  `two_factor_recovery_codes` text DEFAULT NULL,
  `two_factor_confirmed_at` timestamp NULL DEFAULT NULL,
  `remember_token` varchar(100) DEFAULT NULL,
  `current_team_id` bigint(20) UNSIGNED DEFAULT NULL,
  `profile_photo_path` varchar(2048) DEFAULT NULL,
  `created_at` timestamp NULL DEFAULT NULL,
  `updated_at` timestamp NULL DEFAULT NULL
) ENGINE=InnoDB DEFAULT CHARSET=utf8mb4 COLLATE=utf8mb4_unicode_ci;

--
-- Dumping data for table `users`
--

INSERT INTO `users` (`id`, `name`, `email`, `email_verified_at`, `password`, `two_factor_secret`, `two_factor_recovery_codes`, `two_factor_confirmed_at`, `remember_token`, `current_team_id`, `profile_photo_path`, `created_at`, `updated_at`) VALUES
(1, 'Tạ Thành', 'tathanh200320@gmail.com', NULL, '$2y$12$dfLjkZOyaxTWNgexEho5ouYUGgYqG8GTzk00XPuF.SSBwTKvP6K8m', NULL, NULL, NULL, NULL, NULL, NULL, NULL, '2024-10-11 02:26:04'),
(3, 'Super Admin', 'admin@admin.com', NULL, '$2y$12$kPivXi4KtqNzXy71QvdI.ORsm16N4tC1OgdC.PteXbkbOb/jO.dPu', NULL, NULL, NULL, NULL, NULL, NULL, '2024-10-11 08:34:59', '2024-10-11 08:34:59');

--
-- Indexes for dumped tables
--

--
-- Indexes for table `cache`
--
ALTER TABLE `cache`
  ADD PRIMARY KEY (`key`);

--
-- Indexes for table `cache_locks`
--
ALTER TABLE `cache_locks`
  ADD PRIMARY KEY (`key`);

--
-- Indexes for table `failed_jobs`
--
ALTER TABLE `failed_jobs`
  ADD PRIMARY KEY (`id`),
  ADD UNIQUE KEY `failed_jobs_uuid_unique` (`uuid`);

--
-- Indexes for table `jobs`
--
ALTER TABLE `jobs`
  ADD PRIMARY KEY (`id`),
  ADD KEY `jobs_queue_index` (`queue`);

--
-- Indexes for table `job_batches`
--
ALTER TABLE `job_batches`
  ADD PRIMARY KEY (`id`);

--
-- Indexes for table `migrations`
--
ALTER TABLE `migrations`
  ADD PRIMARY KEY (`id`);

--
-- Indexes for table `model_has_permissions`
--
ALTER TABLE `model_has_permissions`
  ADD PRIMARY KEY (`permission_id`,`model_id`,`model_type`),
  ADD KEY `model_has_permissions_model_id_model_type_index` (`model_id`,`model_type`);

--
-- Indexes for table `model_has_roles`
--
ALTER TABLE `model_has_roles`
  ADD PRIMARY KEY (`role_id`,`model_id`,`model_type`),
  ADD KEY `model_has_roles_model_id_model_type_index` (`model_id`,`model_type`);

--
-- Indexes for table `password_reset_tokens`
--
ALTER TABLE `password_reset_tokens`
  ADD PRIMARY KEY (`email`);

--
-- Indexes for table `permissions`
--
ALTER TABLE `permissions`
  ADD PRIMARY KEY (`id`),
  ADD UNIQUE KEY `permissions_name_guard_name_unique` (`name`,`guard_name`);

--
-- Indexes for table `personal_access_tokens`
--
ALTER TABLE `personal_access_tokens`
  ADD PRIMARY KEY (`id`),
  ADD UNIQUE KEY `personal_access_tokens_token_unique` (`token`),
  ADD KEY `personal_access_tokens_tokenable_type_tokenable_id_index` (`tokenable_type`,`tokenable_id`);

--
-- Indexes for table `roles`
--
ALTER TABLE `roles`
  ADD PRIMARY KEY (`id`),
  ADD UNIQUE KEY `roles_name_guard_name_unique` (`name`,`guard_name`);

--
-- Indexes for table `role_has_permissions`
--
ALTER TABLE `role_has_permissions`
  ADD PRIMARY KEY (`permission_id`,`role_id`),
  ADD KEY `role_has_permissions_role_id_foreign` (`role_id`);

--
-- Indexes for table `sessions`
--
ALTER TABLE `sessions`
  ADD PRIMARY KEY (`id`),
  ADD KEY `sessions_user_id_index` (`user_id`),
  ADD KEY `sessions_last_activity_index` (`last_activity`);

--
-- Indexes for table `users`
--
ALTER TABLE `users`
  ADD PRIMARY KEY (`id`),
  ADD UNIQUE KEY `users_email_unique` (`email`);

--
-- AUTO_INCREMENT for dumped tables
--

--
-- AUTO_INCREMENT for table `failed_jobs`
--
ALTER TABLE `failed_jobs`
  MODIFY `id` bigint(20) UNSIGNED NOT NULL AUTO_INCREMENT;

--
-- AUTO_INCREMENT for table `jobs`
--
ALTER TABLE `jobs`
  MODIFY `id` bigint(20) UNSIGNED NOT NULL AUTO_INCREMENT;

--
-- AUTO_INCREMENT for table `migrations`
--
ALTER TABLE `migrations`
  MODIFY `id` int(10) UNSIGNED NOT NULL AUTO_INCREMENT, AUTO_INCREMENT=7;

--
-- AUTO_INCREMENT for table `permissions`
--
ALTER TABLE `permissions`
  MODIFY `id` bigint(20) UNSIGNED NOT NULL AUTO_INCREMENT, AUTO_INCREMENT=14;

--
-- AUTO_INCREMENT for table `personal_access_tokens`
--
ALTER TABLE `personal_access_tokens`
  MODIFY `id` bigint(20) UNSIGNED NOT NULL AUTO_INCREMENT;

--
-- AUTO_INCREMENT for table `roles`
--
ALTER TABLE `roles`
  MODIFY `id` bigint(20) UNSIGNED NOT NULL AUTO_INCREMENT, AUTO_INCREMENT=6;

--
-- AUTO_INCREMENT for table `users`
--
ALTER TABLE `users`
  MODIFY `id` bigint(20) UNSIGNED NOT NULL AUTO_INCREMENT, AUTO_INCREMENT=4;

--
-- Constraints for dumped tables
--

--
-- Constraints for table `model_has_permissions`
--
ALTER TABLE `model_has_permissions`
  ADD CONSTRAINT `model_has_permissions_permission_id_foreign` FOREIGN KEY (`permission_id`) REFERENCES `permissions` (`id`) ON DELETE CASCADE;

--
-- Constraints for table `model_has_roles`
--
ALTER TABLE `model_has_roles`
  ADD CONSTRAINT `model_has_roles_role_id_foreign` FOREIGN KEY (`role_id`) REFERENCES `roles` (`id`) ON DELETE CASCADE;

--
-- Constraints for table `role_has_permissions`
--
ALTER TABLE `role_has_permissions`
  ADD CONSTRAINT `role_has_permissions_permission_id_foreign` FOREIGN KEY (`permission_id`) REFERENCES `permissions` (`id`) ON DELETE CASCADE,
  ADD CONSTRAINT `role_has_permissions_role_id_foreign` FOREIGN KEY (`role_id`) REFERENCES `roles` (`id`) ON DELETE CASCADE;
COMMIT;

/*!40101 SET CHARACTER_SET_CLIENT=@OLD_CHARACTER_SET_CLIENT */;
/*!40101 SET CHARACTER_SET_RESULTS=@OLD_CHARACTER_SET_RESULTS */;
/*!40101 SET COLLATION_CONNECTION=@OLD_COLLATION_CONNECTION */;
